{
   "total":10,
  "data": [
    {
      "answertime": "赖智欣律师27天前回答了这个问题",
      "label": "合同纠纷",
      "summary": "我提前30天地及哦啊了辞职书，幼儿园的回答是不同意我离职。现在园方说...",
      "praise": 8,
      "lawyername": "赖智欣",
      "editortime": "编辑于2017-04-22 17:32:40",
      "lawyeranswer": "如果您是获得正式事业编制的人员，那么因为事业编制的特殊性，获得事业编制的劳动者要辞职的，如果是国家和省、市(地区)重点科研项目的主要负责人和业务骨干,辞职后对工作可能造成损失的这种情况，必须获得相关部..."
    },
    {
      "answertime": "赖智欣律师27天前回答了这个问题",
      "label": "合同纠纷",
      "summary": "我提前30天地及哦啊了辞职书，幼儿园的回答是不同意我离职。现在园方说...",
      "praise": 8,
      "lawyername": "赖智欣",
      "editortime": "编辑于2017-09-22 17:32:40",
      "lawyeranswer": "如果您是获得正式事业编制的人员，那么因为事业编制的特殊性，获得事业编制的劳动者要辞职的，如果是国家和省、市(地区)重点科研项目的主要负责人和业务骨干,辞职后对工作可能造成损失的这种情况，必须获得相关部..."
    },
    {
      "answertime": "赖智欣律师63天前回答了这个问题",
      "label": "合同纠纷",
      "summary": "我提前30天地及哦啊了辞职书，幼儿园的回答是不同意我离职。现在园方说...",
      "praise": 2,
      "lawyername": "赖智欣",
      "editortime": "编辑于2017-09-22 17:32:40",
      "lawyeranswer": "如果您是获得正式事业编制的人员，那么因为事业编制的特殊性，获得事业编制的劳动者要辞职的，如果是国家和省、市(地区)重点科研项目的主要负责人和业务骨干,辞职后对工作可能造成损失的这种情况，必须获得相关部..."
    },
    {
      "answertime": "赖智欣律师63天前回答了这个问题",
      "label": "合同纠纷",
      "summary": "我提前30天地及哦啊了辞职书，幼儿园的回答是不同意我离职。现在园方说...",
      "praise": 3,
      "lawyername": "赖智欣",
      "editortime": "编辑于2017-09-22 17:32:40",
      "lawyeranswer": "如果您是获得正式事业编制的人员，那么因为事业编制的特殊性，获得事业编制的劳动者要辞职的，如果是国家和省、市(地区)重点科研项目的主要负责人和业务骨干,辞职后对工作可能造成损失的这种情况，必须获得相关部..."
    },
    {
      "answertime": "赖智欣律师63天前回答了这个问题",
      "label": "合同纠纷",
      "summary": "我提前30天地及哦啊了辞职书，幼儿园的回答是不同意我离职。现在园方说...",
      "praise": 3,
      "lawyername": "赖智欣",
      "editortime": "编辑于2017-09-22 17:32:40",
      "lawyeranswer": "如果您是获得正式事业编制的人员，那么因为事业编制的特殊性，获得事业编制的劳动者要辞职的，如果是国家和省、市(地区)重点科研项目的主要负责人和业务骨干,辞职后对工作可能造成损失的这种情况，必须获得相关部..."
    },
    {
      "answertime": "赖智欣律师63天前回答了这个问题",
      "label": "合同纠纷",
      "summary": "我提前30天地及哦啊了辞职书，幼儿园的回答是不同意我离职。现在园方说...",
      "praise": 3,
      "lawyername": "赖智欣",
      "editortime": "编辑于2017-09-22 17:32:40",
      "lawyeranswer": "如果您是获得正式事业编制的人员，那么因为事业编制的特殊性，获得事业编制的劳动者要辞职的，如果是国家和省、市(地区)重点科研项目的主要负责人和业务骨干,辞职后对工作可能造成损失的这种情况，必须获得相关部..."
    },
    {
      "answertime": "赖智欣律师63天前回答了这个问题",
      "label": "合同纠纷",
      "summary": "我提前30天地及哦啊了辞职书，幼儿园的回答是不同意我离职。现在园方说...",
      "praise": 3,
      "lawyername": "赖智欣",
      "editortime": "编辑于2017-09-22 17:32:40",
      "lawyeranswer": "如果您是获得正式事业编制的人员，那么因为事业编制的特殊性，获得事业编制的劳动者要辞职的，如果是国家和省、市(地区)重点科研项目的主要负责人和业务骨干,辞职后对工作可能造成损失的这种情况，必须获得相关部..."
    },
    {
      "answertime": "赖智欣律师63天前回答了这个问题",
      "label": "合同纠纷",
      "summary": "我提前30天地及哦啊了辞职书，幼儿园的回答是不同意我离职。现在园方说...",
      "praise": 3,
      "lawyername": "赖智欣",
      "editortime": "编辑于2017-09-22 17:32:40",
      "lawyeranswer": "如果您是获得正式事业编制的人员，那么因为事业编制的特殊性，获得事业编制的劳动者要辞职的，如果是国家和省、市(地区)重点科研项目的主要负责人和业务骨干,辞职后对工作可能造成损失的这种情况，必须获得相关部..."
    },
    {
      "answertime": "赖智欣律师63天前回答了这个问题",
      "label": "合同纠纷",
      "summary": "我提前30天地及哦啊了辞职书，幼儿园的回答是不同意我离职。现在园方说...",
      "praise": 3,
      "lawyername": "赖智欣",
      "editortime": "编辑于2017-09-22 17:32:40",
      "lawyeranswer": "如果您是获得正式事业编制的人员，那么因为事业编制的特殊性，获得事业编制的劳动者要辞职的，如果是国家和省、市(地区)重点科研项目的主要负责人和业务骨干,辞职后对工作可能造成损失的这种情况，必须获得相关部..."
    },
    {
      "answertime": "赖智欣律师63天前回答了这个问题",
      "label": "合同纠纷",
      "summary": "我提前30天地及哦啊了辞职书，幼儿园的回答是不同意我离职。现在园方说...",
      "praise": 3,
      "lawyername": "赖智欣",
      "editortime": "编辑于2017-09-22 17:32:40",
      "lawyeranswer": "如果您是获得正式事业编制的人员，那么因为事业编制的特殊性，获得事业编制的劳动者要辞职的，如果是国家和省、市(地区)重点科研项目的主要负责人和业务骨干,辞职后对工作可能造成损失的这种情况，必须获得相关部..."
    },
  ]
  
}


